ts,nav,spot
2021-01-04,24997.4,309.31
2021-01-05,25088.2354,311.86
2021-01-06,25083.6233,307.54
2021-01-07,25153.5405,314.98
2021-01-08,25210.3879,319.03
2021-01-11,25279.0337,314.42
2021-01-12,25323.0822,313.92
2021-01-13,25304.7547,316.04
2021-01-14,25381.1679,314.35
2021-01-15,25227.6981,311.86
2021-01-19,25450.5888,316.41
2021-01-20,25451.2349,323.77
2021-01-21,25503.0392,326.36
2021-01-22,25365.659,325.42
2021-01-25,25464.1006,328.11
2021-01-26,25326.8672,328.59
2021-01-27,24576.8869,319.43
2021-01-28,24576.8869,321.32
2021-01-29,24576.8869,314.56
2021-02-01,24576.8869,322.42
2021-02-02,24576.8869,327.68
2021-02-03,24576.8869,326.38
2021-02-04,24576.8869,330.24
2021-02-05,24576.8869,331.36
2021-02-08,24576.8869,333.58
2021-02-09,24576.8869,333.51
2021-02-10,24576.8869,332.75
2021-02-11,24576.8869,334.58
2021-02-12,24576.8869,336.45
2021-02-16,24576.8869,335.54
2021-02-17,24576.8869,333.93
2021-02-18,24576.8869,332.47
2021-02-19,24576.8869,331.02
2021-02-22,24576.8869,322.44
2021-02-23,24576.8869,321.48
2021-02-24,24576.8869,324.13
2021-02-25,24580.0129,312.83
2021-02-26,24575.738,314.14
2021-03-01,25036.6324,323.59
2021-03-02,24691.7935,318.4
2021-03-03,23805.0516,309.16
2021-03-04,22977.414,304.1
2021-03-05,23737.3282,308.68
2021-03-08,22186.9379,299.94
2021-03-09,23780.5316,311.77
2021-03-10,23433.1928,310.88
2021-03-11,23973.6734,318.04
2021-03-12,23227.8207,315.46
2021-03-15,23617.805,318.83
2021-03-16,23852.7038,320.58
2021-03-17,23948.6782,321.9
2021-03-18,22842.9602,312.04
2021-03-19,22860.2085,313.14
2021-03-22,23279.5511,318.61
2021-03-23,23368.871,317.22
2021-03-24,22691.8011,311.87
2021-03-25,22251.075,311.33
2021-03-26,22814.815,316.0
2021-03-29,23218.313,315.91
2021-03-30,22858.0257,314.32
2021-03-31,23620.5869,319.13
2021-04-01,24240.5646,324.57
2021-04-05,25084.6265,331.05
2021-04-06,24889.2519,330.82
2021-04-07,25162.2013,331.62
2021-04-08,25647.146,335.08
2021-04-09,25945.6223,337.11
2021-04-12,26001.1412,336.67
2021-04-13,26483.7212,340.6
2021-04-14,26035.5304,336.51
2021-04-15,26702.556,341.61
2021-04-16,26790.7879,342.01
2021-04-19,26470.9009,338.88
2021-04-20,25986.7527,336.41
2021-04-21,26727.9673,339.29
2021-04-22,25859.4384,335.2
2021-04-23,26761.0035,339.42
2021-04-26,27390.9322,341.63
2021-04-27,27105.397,340.15
2021-04-28,26743.5734,339.0
2021-04-29,27138.4188,340.22
2021-04-30,26522.7711,337.99
2021-05-03,26089.9523,336.19
2021-05-04,25050.603,330.14
2021-05-05,24802.8848,329.03
2021-05-06,25136.1439,331.51
2021-05-07,25536.2107,334.2
2021-05-10,24158.8505,325.76
2021-05-11,24534.0235,325.31
2021-05-12,23825.0098,316.89
2021-05-13,23799.0793,319.34
2021-05-14,24048.9735,326.39
2021-05-17,23981.8656,324.41
2021-05-18,23951.0399,322.22
2021-05-19,24276.1929,322.59
2021-05-20,24835.0174,328.83
2021-05-21,24570.4253,327.01
2021-05-24,25096.7574,332.51
2021-05-25,25269.0089,332.97
2021-05-26,25505.6234,334.13
2021-05-27,25360.5337,332.88
2021-05-28,25579.6196,333.93
2021-06-01,25795.5415,332.82
2021-06-02,25909.4456,333.47
2021-06-03,25234.0886,330.0
2021-06-04,26062.9866,335.6
2021-06-07,26280.8486,336.6
2021-06-08,26429.1081,336.76
2021-06-09,26467.6403,336.84
2021-06-10,26929.0024,340.35
2021-06-11,27066.4069,341.24
2021-06-14,27637.2557,344.51
2021-06-15,27358.1224,342.26
2021-06-16,27076.3896,341.01
2021-06-17,27905.5968,345.34
2021-06-18,27401.6223,342.63
2021-06-21,27689.7362,344.36
2021-06-22,28090.3225,347.57
2021-06-23,28155.7187,347.74
2021-06-24,28481.165,349.89
2021-06-25,28418.0799,349.46
2021-06-28,29354.0543,353.71
2021-06-29,29679.1058,354.99
2021-06-30,29569.3876,354.43
2021-07-01,29506.0534,354.57
2021-07-02,30321.6716,358.64
2021-07-06,30779.1001,360.19
2021-07-07,30806.4126,360.95
2021-07-08,30415.8725,358.77
2021-07-09,30760.5237,361.01
2021-07-12,31080.4224,362.42
2021-07-13,31175.6669,362.42
2021-07-14,31233.9605,363.07
2021-07-15,30515.8591,360.52
2021-07-16,29840.4944,357.6
2021-07-19,29882.5929,354.67
2021-07-20,30380.8896,358.79
2021-07-21,30928.8928,361.56
2021-07-22,31338.4137,363.95
2021-07-23,32177.0967,368.2
2021-07-26,32303.916,368.49
2021-07-27,31514.7522,364.43
2021-07-28,31783.8679,365.83
2021-07-29,32031.3697,366.48
2021-07-30,31640.1456,364.57
2021-08-02,31831.2017,364.6
2021-08-03,32177.7359,366.81
2021-08-04,32449.7781,367.34
2021-08-05,32859.2825,369.67
2021-08-06,32459.0511,368.05
2021-08-09,32654.6502,368.73
2021-08-10,32325.6562,366.84
2021-08-11,32256.5728,366.21
2021-08-12,32435.7471,367.53
2021-08-13,32749.4191,368.82
2021-08-16,33096.7823,368.98
2021-08-17,32428.7895,365.73
2021-08-18,31741.7455,362.21
2021-08-19,32057.7339,363.96
2021-08-20,32574.0139,367.73
2021-08-23,33518.3384,373.23
2021-08-24,33731.3009,374.37
2021-08-25,33880.3143,374.8
2021-08-26,33557.2828,372.42
2021-08-27,34248.7884,376.04
2021-08-30,34948.3679,380.26
2021-08-31,34889.8073,379.95
2021-09-01,35023.0487,380.58
2021-09-02,35043.8048,380.4
2021-09-03,35263.7645,381.57
2021-09-07,35374.542,382.11
2021-09-08,35085.9172,380.78
2021-09-09,34860.7864,379.47
2021-09-10,34516.8235,376.59
2021-09-13,34411.8624,376.33
2021-09-14,34302.1119,375.26
2021-09-15,34979.0359,378.05
2021-09-16,35044.3106,378.31
2021-09-17,34209.5727,373.83
2021-09-20,32728.3243,365.7
2021-09-21,33021.2439,366.15
2021-09-22,33353.6875,369.57
2021-09-23,33961.6792,372.98
2021-09-24,34211.8837,373.33
2021-09-27,33772.2635,370.35
2021-09-28,31654.3785,359.87
2021-09-29,31465.7787,359.28
2021-09-30,31330.8958,357.96
2021-10-01,31772.4374,360.18
2021-10-04,30560.8465,352.62
2021-10-05,31254.9723,357.38
2021-10-06,31613.0985,359.67
2021-10-07,32107.8699,362.97
2021-10-08,31862.3658,361.16
2021-10-11,31563.882,358.39
2021-10-12,31346.2707,357.14
2021-10-13,31870.2402,360.0
2021-10-14,33018.943,366.63
2021-10-15,33421.7089,368.94
2021-10-18,34016.1813,372.65
2021-10-19,34553.8196,375.47
2021-10-20,34528.5177,374.98
2021-10-21,34963.5096,377.27
2021-10-22,34448.2014,374.1
2021-10-25,35179.6439,377.93
2021-10-26,35446.6693,379.12
2021-10-27,35515.9868,380.0
2021-10-28,36191.5303,384.22
2021-10-29,36575.3569,386.11
2021-11-01,36966.8276,387.43
2021-11-02,37357.3684,389.05
2021-11-03,38201.7377,393.18
2021-11-04,39302.3093,398.22
2021-11-05,39473.0406,398.6
2021-11-08,39470.4995,398.06
2021-11-09,38989.4144,395.32
2021-11-10,37418.0275,389.51
2021-11-11,37767.4669,390.59
2021-11-12,38594.3539,394.7
2021-11-15,38621.0675,394.61
2021-11-16,39257.7681,397.42
2021-11-17,39287.5338,397.63
2021-11-18,40255.9854,401.75
2021-11-19,40749.3176,403.99
2021-11-22,39727.6225,399.3
2021-11-23,39315.7357,397.48
2021-11-24,39689.6596,398.76
2021-11-26,38173.3892,391.2
2021-11-29,39833.276,399.69
2021-11-30,38582.6105,393.82
2021-12-01,37579.9576,387.12
2021-12-02,38180.0309,389.91
2021-12-03,37202.1294,383.13
2021-12-06,37852.3169,386.2
2021-12-07,40177.5196,397.83
2021-12-08,40409.4377,399.61
2021-12-09,39596.3294,393.73
2021-12-10,40263.6589,398.01
2021-12-13,39357.1122,392.26
2021-12-14,38998.6458,388.2
2021-12-15,40786.894,397.05
2021-12-16,38886.0623,386.84
2021-12-17,38743.8853,384.91
2021-12-20,38669.8204,380.69
2021-12-21,40809.1526,389.21
2021-12-22,41483.1133,393.95
2021-12-23,41897.9213,396.92
2021-12-27,42828.5909,403.48
2021-12-28,42777.8728,401.61
2021-12-29,42920.2831,401.55
2021-12-30,42729.854,400.35
2021-12-31,42544.952,397.85
2022-01-03,43380.7949,401.68
2022-01-04,43001.9514,396.47
2022-01-05,41526.9433,384.29
2022-01-06,41771.8277,384.02
2022-01-07,40863.376,379.86
2022-01-10,41377.1486,380.11
2022-01-11,42572.7507,385.82
2022-01-12,42984.7435,387.35
2022-01-13,42015.2322,377.66
2022-01-14,42786.9521,380.01
2022-01-18,41128.4111,370.55
2022-01-19,40400.9831,366.48
2022-01-20,39426.5089,361.72
2022-01-21,38557.1141,351.69
2022-01-24,39154.2582,353.3
2022-01-25,38140.1562,345.11
2022-01-26,38337.8954,344.57
2022-01-27,37296.7117,341.1
2022-01-28,38351.4608,351.8
2022-01-31,39534.4245,363.05
2022-02-01,39941.4497,365.52
2022-02-02,40356.0003,368.49
2022-02-03,38741.5688,353.55
2022-02-04,39293.1416,358.01
2022-02-07,39257.2905,355.13
2022-02-08,39812.4781,359.12
2022-02-09,40777.0137,366.73
2022-02-10,39876.9689,358.43
2022-02-11,38341.9623,347.06
2022-02-14,38665.7373,347.49
2022-02-15,39875.1454,356.13
2022-02-16,40084.8156,356.04
2022-02-17,38705.058,345.45
2022-02-18,38308.2929,341.51
2022-02-22,38363.158,338.08
2022-02-23,37496.2851,329.42
2022-02-24,39191.1707,340.49
2022-02-25,40006.0424,345.77
2022-02-28,40288.2127,346.8
2022-03-01,39732.9105,341.49
2022-03-02,40628.4131,347.22
2022-03-03,40107.281,342.26
2022-03-04,39528.9614,337.3
2022-03-07,37177.3618,324.86
2022-03-08,37657.0332,323.35
2022-03-09,39993.7132,334.99
2022-03-10,39703.1206,331.27
2022-03-11,39038.6698,324.4
2022-03-14,38520.3431,318.17
2022-03-15,39681.0129,328.15
2022-03-16,40933.3251,340.32
2022-03-17,41491.9241,344.44
2022-03-18,42493.374,351.49
2022-03-21,42543.751,350.08
2022-03-22,43355.2983,356.96
2022-03-23,42668.1728,351.83
2022-03-24,43859.6526,359.65
2022-03-25,43880.2645,359.35
2022-03-28,44691.0929,364.91
2022-03-29,45653.8585,371.19
2022-03-30,45039.5977,367.09
2022-03-31,44443.803,362.54
2022-04-01,44272.9317,361.85
2022-04-04,45661.3531,369.3
2022-04-05,44208.4629,361.1
2022-04-06,43111.2073,353.26
2022-04-07,43373.1649,354.1
2022-04-08,42255.9134,349.15
2022-04-11,40719.1297,340.89
2022-04-12,40732.7563,339.45
2022-04-13,41776.4542,346.35
2022-04-14,40683.3606,338.43
2022-04-18,41209.4578,338.69
2022-04-19,42071.4687,346.26
2022-04-20,41724.3324,341.21
2022-04-21,40811.4047,334.15
2022-04-22,40412.2873,325.4
2022-04-25,40815.9521,329.58
2022-04-26,39941.9185,317.14
2022-04-27,39996.8387,316.76
2022-04-28,40130.9636,328.01
2022-04-29,39899.3429,313.25
2022-05-02,40156.674,318.48
2022-05-03,40225.1561,318.82
2022-05-04,40540.169,329.6
2022-05-05,40133.541,313.0
2022-05-06,40098.0719,309.25
2022-05-09,39520.5093,297.15
2022-05-10,40018.2119,300.76
2022-05-11,39552.9472,291.84
2022-05-12,39798.2109,291.15
2022-05-13,40591.1767,301.94
2022-05-16,40921.6254,298.44
2022-05-17,41221.0151,306.17
2022-05-18,40876.5456,291.14
2022-05-19,40990.0826,289.58
2022-05-20,41099.9509,288.68
2022-05-23,41439.0583,293.48
2022-05-24,41381.5992,287.24
2022-05-25,41595.1893,291.26
2022-05-26,41998.7824,299.33
2022-05-27,42267.5183,309.1
2022-05-31,42580.6464,308.28
2022-06-01,42508.1155,306.0
2022-06-02,42851.2342,314.38
2022-06-03,42710.0546,306.2
2022-06-06,42973.084,307.22
2022-06-07,43277.0335,309.87
2022-06-08,43138.6441,307.64
2022-06-09,42882.1792,299.4
2022-06-10,42129.4622,288.84
2022-06-13,40514.6567,275.41
2022-06-14,40631.2533,275.91
2022-06-15,40903.4499,282.8
2022-06-16,40435.2214,271.39
2022-06-17,40577.9999,274.69
2022-06-21,41028.7466,281.08
2022-06-22,40973.9902,280.67
2022-06-23,41016.2394,284.85
2022-06-24,41322.2222,294.61
2022-06-27,41521.7727,292.45
2022-06-28,41444.7072,283.54
2022-06-29,41309.4231,283.8
2022-06-30,41219.7985,280.28
2022-07-01,40671.6728,282.13
2022-07-05,41073.253,286.96
2022-07-06,41298.2,288.8
2022-07-07,41957.0314,294.98
2022-07-08,42096.192,295.35
2022-07-11,42076.296,289.04
2022-07-12,42184.5978,286.24
2022-07-13,42435.7501,285.65
2022-07-14,42599.8028,286.67
2022-07-15,42807.7689,291.87
2022-07-18,43062.9037,289.4
2022-07-19,43301.4399,298.3
2022-07-20,43425.6983,303.03
2022-07-21,43622.5193,307.38
2022-07-22,43443.7642,301.99
2022-07-25,43631.747,300.27
2022-07-26,43524.7586,294.37
2022-07-27,43881.2612,306.81
2022-07-28,44070.1248,309.81
2022-07-29,44199.8554,315.46
2022-08-01,44418.7771,315.27
2022-08-02,44434.4083,314.33
2022-08-03,44667.5925,322.89
2022-08-04,44823.9588,324.4
2022-08-05,44774.3068,321.75
2022-08-08,44732.8193,320.71
2022-08-09,43739.4518,317.08
2022-08-10,44003.6201,325.93
2022-08-11,44049.4142,324.08
2022-08-12,44180.6047,330.39
2022-08-15,44394.1544,333.06
2022-08-16,44423.8888,332.28
2022-08-17,44235.3167,328.49
2022-08-18,44455.2534,329.28
2022-08-19,44156.2952,322.86
2022-08-22,43617.668,314.36
2022-08-23,43908.7625,314.1
2022-08-24,44084.2346,315.01
2022-08-25,44790.6898,320.58
2022-08-26,43841.1761,307.44
2022-08-29,43827.7338,304.41
2022-08-30,43767.2157,301.02
2022-08-31,43810.301,299.27
2022-09-01,43571.7184,299.4
2022-09-02,43474.0533,295.17
2022-09-06,43595.4665,293.05
2022-09-07,44081.864,298.97
2022-09-08,44436.6514,300.52
2022-09-09,44605.128,307.09
2022-09-12,44765.7215,310.74
2022-09-13,43772.6273,293.7
2022-09-14,43879.7756,296.03
2022-09-15,43792.3927,291.1
2022-09-16,43894.9289,289.32
2022-09-19,44083.6285,291.05
2022-09-20,44053.1318,288.73
2022-09-21,44027.3801,283.56
2022-09-22,43716.4848,280.07
2022-09-23,43648.547,275.51
2022-09-26,43694.5387,274.37
2022-09-27,43901.3677,274.48
2022-09-28,44168.9794,279.94
2022-09-29,43530.5338,271.87
2022-09-30,43141.8544,267.26
2022-10-03,43374.3219,273.53
2022-10-04,43469.4961,282.13
2022-10-05,43594.5958,281.98
2022-10-06,43600.5555,279.76
2022-10-07,42875.2623,269.1
2022-10-10,42370.9997,266.41
2022-10-11,42278.2508,262.75
2022-10-12,42281.2842,262.66
2022-10-13,42510.3005,268.82
2022-10-14,42113.2591,260.74
2022-10-17,42504.3505,269.35
2022-10-18,42574.8543,271.48
2022-10-19,42685.1293,270.49
2022-10-20,42797.9614,269.11
2022-10-21,42965.4043,275.42
2022-10-24,43092.1767,278.45
2022-10-25,43231.9457,284.21
2022-10-26,43227.0161,277.93
2022-10-27,43230.9916,272.87
2022-10-28,43431.439,281.22
2022-10-31,43494.0072,277.95
2022-11-01,43678.9796,275.11
2022-11-02,43479.0525,265.68
2022-11-03,43419.3107,260.49
2022-11-04,43867.0498,264.68
2022-11-07,44192.6252,267.59
2022-11-08,44341.5748,269.54
2022-11-09,44069.6966,263.32
2022-11-10,44409.2581,282.75
2022-11-11,44643.7998,287.96
2022-11-14,44752.0031,285.44
2022-11-15,45033.1323,289.39
2022-11-16,44754.5206,285.44
2022-11-17,44903.1802,284.81
2022-11-18,45022.8058,284.82
2022-11-21,45153.3837,281.89
2022-11-22,45399.2086,285.95
2022-11-23,45527.9828,288.82
2022-11-25,45597.9908,286.92
2022-11-28,45666.7886,282.71
2022-11-29,45739.3709,280.57
2022-11-30,46049.3043,293.36
2022-12-01,46145.3803,293.72
2022-12-02,46141.3522,292.55
2022-12-05,46301.8586,287.64
2022-12-06,46151.4555,281.68
2022-12-07,46236.0441,280.53
2022-12-08,46549.2368,283.85
2022-12-09,46966.9984,282.04
2022-12-12,47273.3555,285.58
2022-12-13,47377.4847,288.65
2022-12-14,47285.7064,286.51
2022-12-15,46756.8793,276.89
2022-12-16,46633.3745,274.25
2022-12-19,46652.7952,269.75
2022-12-20,46668.4303,269.54
2022-12-21,46921.2635,273.45
2022-12-22,46488.3466,266.76
2022-12-23,46555.7016,267.36
2022-12-27,46617.5591,263.58
2022-12-28,46451.7987,260.1
2022-12-29,47144.6222,266.44
2022-12-30,47147.4745,266.28
2023-01-03,47247.2209,264.48
2023-01-04,47416.5812,265.74
2023-01-05,47293.0255,261.58
2023-01-06,47566.6247,268.8
2023-01-09,47775.1297,270.54
2023-01-10,47917.2698,272.83
2023-01-11,48045.7636,277.55
2023-01-12,48146.7519,279.05
2023-01-13,48244.8486,280.97
2023-01-17,48532.5585,281.54
2023-01-18,48514.639,277.88
2023-01-19,48212.2638,275.15
2023-01-20,48591.5235,282.68
2023-01-23,48942.8351,288.96
2023-01-24,49076.819,288.37
2023-01-25,49134.3154,287.73
2023-01-26,49341.1619,293.34
2023-01-27,49335.2042,296.26
2023-01-30,49135.9513,290.27
2023-01-31,49404.8023,294.62
2023-02-01,49752.5629,300.92
2023-02-02,50000.8682,311.72
2023-02-03,49886.2329,306.18
2023-02-06,49913.2106,303.59
2023-02-07,50190.6015,309.88
2023-02-08,49956.0916,304.37
2023-02-09,50066.138,301.68
2023-02-10,49863.3542,299.7
2023-02-13,50262.1838,304.5
2023-02-14,50522.76,306.75
2023-02-15,50574.6685,309.1
2023-02-16,50284.2103,303.3
2023-02-17,50170.734,301.16
2023-02-21,49873.9686,294.03
2023-02-22,49799.3392,294.25
2023-02-23,50043.2695,296.82
2023-02-24,49958.2137,291.85
2023-02-27,50122.1347,293.94
2023-02-28,50221.6465,293.56
2023-03-01,50291.1745,291.2
2023-03-02,50530.3617,293.61
2023-03-03,50715.7534,299.68
2023-03-06,50778.3229,300.02
2023-03-07,50733.5414,296.34
2023-03-08,50947.8686,297.82
2023-03-09,50756.9804,292.66
2023-03-10,50527.8005,288.55
2023-03-13,50689.5048,290.69
2023-03-14,51095.4992,297.37
2023-03-15,51053.108,298.93
2023-03-16,51319.1564,306.81
2023-03-17,51372.7923,305.36
2023-03-20,51622.3106,305.97
2023-03-21,51743.3085,310.34
2023-03-22,51708.9598,306.12
2023-03-23,52010.3603,309.75
2023-03-24,51863.6603,310.89
2023-03-27,51804.4996,308.76
2023-03-28,51727.8524,307.12
2023-03-29,52152.4025,312.72
2023-03-30,52301.1596,315.68
2023-03-31,52424.7057,320.93
2023-04-03,52507.9963,320.15
2023-04-04,52376.2176,319.07
2023-04-05,52185.8472,315.92
2023-04-06,52230.8702,318.05
2023-04-10,52725.0806,317.87
2023-04-11,52698.0256,315.83
2023-04-12,52529.9257,313.04
2023-04-13,52706.5454,319.17
2023-04-14,52892.8155,318.57
2023-04-17,53006.7342,318.84
2023-04-18,53083.3798,318.86
2023-04-19,52986.9335,318.71
2023-04-20,53040.5604,316.28
2023-04-21,53012.3048,316.61
2023-04-24,53058.1417,315.95
2023-04-25,52189.3172,309.99
2023-04-26,52618.9887,311.87
2023-04-27,54135.1699,320.35
2023-04-28,54443.8818,322.56
2023-05-01,54456.7248,322.19
2023-05-02,54232.0624,319.38
2023-05-03,53663.133,317.29
2023-05-04,53766.5986,316.17
2023-05-05,54886.6134,322.89
2023-05-08,55101.8708,323.69
2023-05-09,54663.4868,321.64
2023-05-10,55297.9621,325.14
2023-05-11,55365.3006,326.2
2023-05-12,55181.2604,325.03
2023-05-15,55769.7191,326.79
2023-05-16,56019.4866,327.16
2023-05-17,56755.4431,331.12
2023-05-18,57998.6553,337.27
2023-05-19,57929.2416,336.51
2023-05-22,58238.5401,337.64
2023-05-23,57464.6707,333.36
2023-05-24,57125.0574,331.65
2023-05-25,58863.2136,339.72
2023-05-26,60602.5541,348.4
2023-05-30,61162.5343,349.98
2023-05-31,60612.312,347.99
2023-06-01,61413.0127,352.01
2023-06-02,61914.4639,354.65
2023-06-05,62071.39,354.9
2023-06-06,62162.9761,354.84
2023-06-07,61016.6534,348.82
2023-06-08,62000.7467,353.15
2023-06-09,62391.5853,354.5
2023-06-12,63933.3966,360.49
2023-06-13,64689.679,363.26
2023-06-14,65375.103,365.9
2023-06-15,66248.0494,370.26
2023-06-16,65825.9548,367.93
2023-06-20,65854.4593,366.9
2023-06-21,64516.1397,361.9
2023-06-22,65538.1756,366.17
2023-06-23,64630.5487,362.54
2023-06-26,64416.5473,357.68
2023-06-27,66101.753,363.83
2023-06-28,66114.6931,364.54
2023-06-29,66084.3749,363.81
2023-06-30,67423.2071,369.42
2023-07-03,67736.6583,370.29
2023-07-05,67494.6739,370.28
2023-07-06,66751.6636,367.46
2023-07-07,66562.0135,366.24
2023-07-10,67027.6985,366.36
2023-07-11,67454.2825,368.17
2023-07-12,68609.2754,372.82
2023-07-13,70109.2935,379.15
2023-07-14,70050.852,379.07
2023-07-17,70927.9198,382.61
2023-07-18,71641.5177,385.74
2023-07-19,71489.2269,385.65
2023-07-20,68796.2825,376.76
2023-07-21,68668.9494,375.63
2023-07-24,68947.6309,376.23
2023-07-25,69587.6618,378.78
2023-07-26,69312.3438,377.52
2023-07-27,69403.1042,376.62
2023-07-28,70898.0245,383.48
2023-07-31,71077.6045,383.68
2023-08-01,70942.9653,382.79
2023-08-02,68553.5813,374.39
2023-08-03,68432.3401,373.79
2023-08-04,68210.0468,372.04
2023-08-07,69286.3141,375.19
2023-08-08,68316.5539,372.0
2023-08-09,66065.1259,367.91
2023-08-10,66348.0864,368.59
2023-08-11,64761.1958,366.24
2023-08-14,66772.7529,370.35
2023-08-15,65690.5843,366.42
2023-08-16,64182.8799,362.54
2023-08-17,63163.1319,358.58
2023-08-18,62934.8746,358.13
2023-08-21,65787.1995,363.9
2023-08-22,65414.9606,363.38
2023-08-23,67832.6694,369.11
2023-08-24,64460.7482,361.22
2023-08-25,65845.1841,364.02
2023-08-28,66986.6261,366.76
2023-08-29,69941.1021,374.77
2023-08-30,70767.7431,376.86
2023-08-31,71224.7095,377.99
2023-09-01,71133.0303,377.59
2023-09-05,71705.973,378.07
2023-09-06,70650.4505,374.74
2023-09-07,68958.8312,372.06
2023-09-08,69030.6794,372.58
2023-09-11,70791.5206,376.97
2023-09-12,69523.5372,372.79
2023-09-13,70250.9923,374.21
2023-09-14,71440.8772,377.27
2023-09-15,68324.8225,370.81
2023-09-18,68550.4164,370.66
2023-09-19,68719.5111,369.87
2023-09-20,66841.6042,364.54
2023-09-21,64807.4353,357.86
2023-09-22,65081.7868,357.91
2023-09-25,66295.5051,359.61
2023-09-26,64419.3512,354.21
2023-09-27,64749.0215,355.04
2023-09-28,66257.2704,358.01
2023-09-29,66499.3307,358.27
2023-10-02,67922.319,361.26
2023-10-03,65161.9133,354.92
2023-10-04,67027.5267,359.75
2023-10-05,66577.6971,358.69
2023-10-06,69499.7054,364.7
2023-10-09,70409.7728,366.56
2023-10-10,71197.4737,368.59
2023-10-11,72169.891,371.22
2023-10-12,71852.3165,369.93
2023-10-13,69938.2462,365.28
2023-10-16,71690.3229,369.41
2023-10-17,71305.8368,368.2
2023-10-18,69090.7446,363.37
2023-10-19,68370.7875,359.97
2023-10-20,66474.4754,354.6
2023-10-23,66786.4324,355.67
2023-10-24,67795.5201,359.13
2023-10-25,64093.9135,350.34
2023-10-26,61681.9868,343.66
2023-10-27,62481.3869,345.31
2023-10-30,63451.403,349.2
2023-10-31,63760.3162,350.87
2023-11-01,65863.0296,356.96
2023-11-02,67524.7608,363.44
2023-11-03,69138.0814,367.71
2023-11-06,69830.9286,369.21
2023-11-07,71042.513,372.7
2023-11-08,71227.34,372.94
2023-11-09,70494.9928,370.07
2023-11-10,72939.4641,378.39
2023-11-13,72522.9221,377.21
2023-11-14,76537.9323,385.33
2023-11-15,76791.4021,385.62
2023-11-16,77054.3985,385.95
2023-11-17,77104.52,386.04
2023-11-20,79558.9826,390.74
2023-11-21,78282.9425,388.47
2023-11-22,79197.5211,390.06
2023-11-24,78903.8013,389.51
2023-11-27,78817.5192,389.17
2023-11-28,79252.1562,390.19
2023-11-29,79219.4176,389.81
2023-11-30,78577.6964,388.83
2023-12-01,79220.4138,389.94
2023-12-04,77326.6091,386.32
2023-12-05,77813.9959,387.29
2023-12-06,76576.9764,385.05
2023-12-07,79618.7325,390.43
2023-12-08,80499.8808,392.17
2023-12-11,82527.5892,395.52
2023-12-12,84199.1554,398.67
2023-12-13,86859.5981,403.74
2023-12-14,86896.7738,403.39
2023-12-15,87884.164,405.34
2023-12-18,88828.5617,407.08
2023-12-19,89941.7902,409.16
2023-12-20,86387.3347,403.08
2023-12-21,89153.1259,407.77
2023-12-22,89443.5987,408.38
2023-12-26,90856.3769,410.88
2023-12-27,91211.9414,411.5
2023-12-28,91118.5834,411.3
2023-12-29,90167.2787,409.52
2024-01-02,85900.2586,402.59
2024-01-03,83579.4916,398.33
2024-01-04,82479.9611,396.28
2024-01-05,82815.435,396.75
2024-01-08,87309.2589,404.95
2024-01-09,87765.8741,405.75
2024-01-10,89220.0475,408.5
2024-01-11,89726.5519,409.35
2024-01-12,89824.9456,409.56
2024-01-16,90065.4117,409.52
2024-01-17,88911.8237,407.21
2024-01-18,92026.0842,412.99
2024-01-19,96215.3345,421.18
2024-01-22,96809.667,421.73
2024-01-23,97791.4579,423.48
2024-01-24,99233.9996,425.83
2024-01-25,99528.3611,426.35
2024-01-26,98384.7463,423.81
2024-01-29,100014.8093,428.15
2024-01-30,99084.2103,425.3
2024-01-31,96587.4175,416.97
2024-02-01,98255.2797,421.88
2024-02-02,100683.9647,429.01
2024-02-05,100731.6863,428.45
2024-02-06,100380.6361,427.59
2024-02-07,102048.8894,431.99
2024-02-08,102462.3353,432.79
2024-02-09,104049.2361,437.05
2024-02-12,103604.068,435.34
2024-02-13,101192.7943,428.55
2024-02-14,102996.1507,433.22
2024-02-15,103448.7676,434.51
2024-02-16,102419.5953,430.57
2024-02-20,101224.7798,427.32
2024-02-21,100619.7282,425.61
2024-02-22,104984.0921,438.07
2024-02-23,104529.8878,436.78
2024-02-26,104897.0099,436.55
2024-02-27,105231.2048,437.6
2024-02-28,104430.0641,435.27
2024-02-29,105910.2206,439.0
2024-03-01,108349.9452,445.61
2024-03-04,108138.6937,444.02
2024-03-05,105475.0569,436.05
2024-03-06,106853.1144,438.79
2024-03-07,109252.808,445.45
2024-03-08,106192.1772,439.02
2024-03-11,105364.4545,437.39
2024-03-12,107681.651,443.66
2024-03-13,106472.562,440.25
2024-03-14,105920.3649,439.14
2024-03-15,104319.6668,433.92
2024-03-18,105780.3685,437.48
2024-03-19,106239.6023,438.57
2024-03-20,108124.4742,443.77
2024-03-21,109566.4261,445.87
2024-03-22,109903.8234,446.38
2024-03-25,109593.5509,444.76
2024-03-26,109219.2981,443.32
2024-03-27,109905.9349,444.83
2024-03-28,109856.4483,444.01
2024-04-01,110621.0544,444.95
2024-04-02,109618.4218,441.11
2024-04-03,110106.3116,442.1
2024-04-04,107725.0998,435.34
2024-04-05,109479.6269,440.47
2024-04-08,110262.2314,440.6
2024-04-09,110833.7794,442.23
2024-04-10,110060.2904,438.37
2024-04-11,111946.988,445.37
2024-04-12,109097.9513,438.27
2024-04-15,107106.8012,431.06
2024-04-16,107501.5732,431.1
2024-04-17,105029.9158,425.84
2024-04-18,104230.8593,423.41
2024-04-19,100345.3982,414.65
2024-04-22,102245.9826,418.82
2024-04-23,104248.8198,425.07
2024-04-24,104762.8065,426.51
2024-04-25,104419.5884,424.45
2024-04-26,106593.1263,431.0
2024-04-29,107399.991,432.75
2024-04-30,104658.5283,424.59
2024-05-01,102982.8602,421.52
2024-05-02,105247.9235,426.9
2024-05-03,108359.2474,435.48
2024-05-06,110211.8969,440.25
2024-05-07,110137.1354,440.32
2024-05-08,110205.6603,440.06
2024-05-09,110515.1305,441.02
2024-05-10,111069.2671,442.06
2024-05-13,111444.2218,443.08
2024-05-14,111996.4737,445.93
2024-05-15,112927.2017,452.9
2024-05-16,112861.8454,451.98
2024-05-17,113162.0125,451.76
2024-05-20,113887.9246,454.91
2024-05-21,113968.0567,455.8
2024-05-22,114194.0218,455.71
2024-05-23,114455.1992,453.66
2024-05-24,114883.4314,457.95
2024-05-28,115268.6417,459.68
2024-05-29,114948.4954,456.44
2024-05-30,114788.9197,451.55
2024-05-31,114571.3336,450.71
2024-06-03,115368.9293,453.13
2024-06-04,115389.7841,454.37
2024-06-05,116110.0803,463.53
2024-06-06,115960.7952,463.37
2024-06-07,116044.8829,462.96
2024-06-10,116586.3615,464.83
2024-06-11,116625.1509,468.02
2024-06-12,117121.8651,474.15
2024-06-13,117376.2801,476.72
2024-06-14,117543.3338,479.19
2024-06-17,118044.8981,485.06
2024-06-18,118443.0128,485.21
2024-06-20,117728.0165,481.47
2024-06-21,117248.8394,480.18
2024-06-24,115633.3144,473.96
2024-06-25,116101.9021,479.38
2024-06-26,116179.6464,480.37
2024-06-27,116177.5557,481.61
2024-06-28,116378.8695,479.11
2024-07-01,116684.7549,481.92
2024-07-02,116952.4367,486.98
2024-07-03,117258.7728,491.04
2024-07-05,117774.116,496.16
2024-07-08,118208.1558,497.34
2024-07-09,118341.1296,497.77
2024-07-10,118787.1581,502.96
2024-07-11,117822.4017,491.93
2024-07-12,118358.5471,494.82
2024-07-15,118659.9189,496.15
2024-07-16,118769.0,496.34
2024-07-17,115094.209,481.77
2024-07-18,115321.2512,479.49
2024-07-19,114796.5649,475.24
2024-07-22,115682.6201,482.32
2024-07-23,115768.6887,480.62
2024-07-24,114312.7239,463.38
2024-07-25,112562.8215,458.27
2024-07-26,114130.4334,462.97
2024-07-29,114966.9682,463.9
2024-07-30,111827.1691,457.53
2024-07-31,114159.5689,471.07
2024-08-01,111604.0639,459.66
2024-08-02,110553.6904,448.75
2024-08-05,104857.3815,435.37
2024-08-06,109975.5123,439.53
2024-08-07,108652.9718,434.77
2024-08-08,112396.7035,448.07
2024-08-09,111841.2279,450.41
2024-08-12,113278.8287,451.38
2024-08-13,115010.7451,462.58
2024-08-14,115305.14,462.73
2024-08-15,117678.1386,474.42
2024-08-16,117905.6919,475.03
2024-08-19,119683.7354,481.27
2024-08-20,119768.0711,480.26
2024-08-21,120882.3891,482.5
2024-08-22,118882.1767,474.85
2024-08-23,120054.166,480.0
2024-08-26,118850.9695,475.34
2024-08-27,119363.6221,476.76
2024-08-28,118742.1964,471.35
2024-08-29,118191.9804,470.66
2024-08-30,120191.1307,476.27
2024-09-03,116072.923,461.81
2024-09-04,116149.0685,460.61
2024-09-05,115923.4492,461.04
2024-09-06,113928.8436,448.69
2024-09-09,115037.6603,454.46
2024-09-10,115933.6566,458.66
2024-09-11,119536.4686,468.62
2024-09-12,120355.1412,473.22
2024-09-13,121022.0757,475.34
2024-09-16,121161.9934,473.24
2024-09-17,121485.3648,473.49
2024-09-18,120641.0299,471.44
2024-09-19,123416.391,483.36
2024-09-20,123231.9019,482.44
2024-09-23,123798.1936,483.04
2024-09-24,124552.8594,485.37
2024-09-25,124882.121,485.82
2024-09-26,125846.2702,489.47
2024-09-27,125301.2266,486.75
2024-09-30,125728.4209,488.07
2024-10-01,124314.9566,481.27
2024-10-02,124876.6776,481.95
2024-10-03,125681.0282,481.59
2024-10-04,127296.2054,487.32
2024-10-07,127460.5827,482.1
2024-10-08,129157.2255,489.3
2024-10-09,130554.7294,493.15
2024-10-10,130564.9077,492.59
2024-10-11,130890.1069,493.36
2024-10-14,132230.3786,497.5
2024-10-15,128513.7984,490.85
2024-10-16,128583.7418,490.91
2024-10-17,129143.4883,491.25
2024-10-18,129788.0626,494.47
2024-10-21,130605.8026,495.42
2024-10-22,130714.482,495.96
2024-10-23,128812.5503,488.36
2024-10-24,130060.5143,492.32
2024-10-25,131582.8255,495.32
2024-10-28,131466.4846,495.4
2024-10-29,132999.877,500.16
2024-10-30,131507.7495,496.38
2024-10-31,127393.3083,483.85
2024-11-01,128117.9813,487.43
2024-11-04,127918.0567,486.01
2024-11-05,129130.1067,492.21
2024-11-06,131923.2055,505.58
2024-11-07,133667.424,513.54
2024-11-08,133773.2617,514.14
2024-11-11,133468.5685,513.84
2024-11-12,133645.3004,512.91
2024-11-13,132740.7502,512.25
2024-11-14,131987.0985,508.69
2024-11-15,126898.5952,496.57
2024-11-18,128057.6687,500.02
2024-11-19,129378.8949,503.46
2024-11-20,129401.4958,503.17
2024-11-21,130161.2816,504.98
2024-11-22,130051.9793,505.79
2024-11-25,130499.8072,506.59
2024-11-26,131092.407,509.31
2024-11-27,130234.1095,505.3
2024-11-29,131789.0926,509.74
2024-12-02,133389.4892,515.29
2024-12-03,133850.385,516.87
2024-12-04,135416.74,523.26
2024-12-05,134985.773,521.81
2024-12-06,136245.0679,526.48
2024-12-09,135269.3045,522.38
2024-12-10,134076.1492,520.6
2024-12-11,137535.815,529.92
2024-12-12,136358.2029,526.5
2024-12-13,138128.0547,530.53
2024-12-16,140860.7732,538.17
2024-12-17,139930.8922,535.8
2024-12-18,134502.7271,516.47
2024-12-19,133378.0146,514.17
2024-12-20,133847.6002,518.66
2024-12-23,135838.7394,522.87
2024-12-24,137820.4543,529.96
2024-12-26,137912.5892,529.6
2024-12-27,136295.0679,522.56
2024-12-30,134392.3358,515.61
2024-12-31,133037.1562,511.23
2025-01-02,133320.7879,510.23
2025-01-03,135889.0247,518.58
2025-01-06,137957.203,524.54
2025-01-07,134838.0719,515.18
2025-01-08,134715.677,515.27
2025-01-10,131989.5422,507.19
2025-01-13,131297.1673,505.56
2025-01-14,131219.6452,505.08
2025-01-15,134310.5164,516.7
2025-01-16,133790.3778,513.08
2025-01-17,135936.2233,521.74
2025-01-21,137207.6952,524.8
2025-01-22,139131.1791,531.51
2025-01-23,139467.4374,532.64
2025-01-24,138637.3439,529.63
2025-01-27,129788.9042,514.21
2025-01-28,132160.4784,521.81
2025-01-29,132034.1515,520.83
2025-01-30,133242.9582,523.05
2025-01-31,133111.3911,522.29
2025-02-03,132191.1504,518.11
2025-02-04,134125.0805,524.47
2025-02-05,135560.3435,526.85
2025-02-06,136372.5777,529.6
2025-02-07,134720.1461,522.92
2025-02-10,136946.3697,529.25
2025-02-11,136848.7674,527.99
2025-02-12,137146.2829,528.3
2025-02-13,139143.8817,535.9
2025-02-14,139803.8414,538.15
2025-02-18,140812.7569,539.37
2025-02-19,141071.2574,539.52
2025-02-20,140969.9336,537.23
2025-02-21,137548.0761,526.08
2025-02-24,135734.1451,519.87
2025-02-25,134777.8527,513.32
2025-02-26,136115.5069,514.56
2025-02-27,129257.8768,500.27
2025-02-28,131280.5024,508.17
2025-03-03,128457.8716,497.05
2025-03-04,128845.8732,495.55
2025-03-05,131067.9363,502.01
2025-03-06,127348.7874,488.2
2025-03-07,129030.2231,491.79
2025-03-10,123773.9318,472.73
2025-03-11,123744.3524,471.6
2025-03-12,126667.6606,476.92
2025-03-13,124690.9049,468.34
2025-03-14,127286.1104,479.66
2025-03-17,128545.4689,482.77
2025-03-18,126580.6644,474.54
2025-03-19,128352.9103,480.89
2025-03-20,128058.1872,479.26
2025-03-21,128572.8877,480.84
2025-03-24,131808.1431,490.66
2025-03-25,132546.2883,493.46
2025-03-26,129719.6566,484.38
2025-03-27,130244.7904,481.62
2025-03-28,129442.4618,468.94
2025-03-31,129794.6093,468.92
2025-04-01,130166.0702,472.7
2025-04-02,130685.3593,476.15
2025-04-03,125280.9469,450.66
2025-04-04,123474.6424,422.67
2025-04-07,124062.727,423.69
2025-04-08,123848.8119,416.06
2025-04-09,124014.5731,466.0
2025-04-10,123584.1821,446.18
2025-04-11,123973.1473,454.4
2025-04-14,124573.1501,457.48
2025-04-15,124760.999,457.99
2025-04-16,124412.4809,444.18
2025-04-17,124442.7966,444.1
2025-04-21,124803.0895,433.11
2025-04-22,125347.1336,444.48
2025-04-23,125958.3896,454.56
2025-04-24,126433.3867,467.35
2025-04-25,126682.9549,472.56
2025-04-28,127140.557,472.41
2025-04-29,127297.082,475.53
2025-04-30,127468.9293,475.47
2025-05-01,127652.7311,481.68
2025-05-02,128311.2688,488.83
2025-05-05,128963.7492,485.93
2025-05-06,128975.8098,481.41
2025-05-07,129380.0729,483.3
2025-05-08,130985.9203,488.29
2025-05-09,131790.5744,487.97
2025-05-12,132514.2991,507.85
2025-05-13,133053.9443,515.59
2025-05-14,133236.4711,518.68
2025-05-15,133593.5322,519.25
2025-05-16,133664.2531,521.51
2025-05-19,134057.6675,522.01
2025-05-20,134080.2189,520.27
2025-05-21,133762.828,513.04
2025-05-22,134046.6671,514.0
2025-05-23,133675.4797,509.24
2025-05-27,134807.2953,521.22
2025-05-28,134613.81,518.91
2025-05-29,134865.1416,519.93
2025-05-30,134436.5565,519.11
2025-06-02,135197.7029,523.21
2025-06-03,135618.8953,527.3
2025-06-04,135958.5948,528.77
2025-06-05,136022.1518,524.79
2025-06-06,136190.7831,529.92
2025-06-09,136571.5902,530.7
2025-06-10,137459.9088,534.21
2025-06-11,137713.0534,532.41
2025-06-12,137876.7608,533.66
2025-06-13,137208.9494,526.96
2025-06-16,137953.1034,534.29
2025-06-17,137838.2012,529.08
2025-06-18,138015.6947,528.99
2025-06-20,138003.2173,526.83
2025-06-23,138422.05,531.65
2025-06-24,138816.0797,539.78
2025-06-25,139303.5143,541.16
2025-06-26,139500.5826,546.22
2025-06-27,139670.9939,548.09
2025-06-30,140008.6341,551.64
2025-07-01,139686.493,546.99
2025-07-02,140287.2811,550.8
2025-07-03,140485.4989,556.22
2025-07-07,140302.0359,552.03
2025-07-08,140756.3761,552.34
2025-07-09,140985.9065,556.25
2025-07-10,141273.705,555.45
2025-07-11,141335.9046,554.2
2025-07-14,141360.4593,556.21
2025-07-15,141779.4136,556.72
2025-07-16,141775.9689,557.29
2025-07-17,142092.205,561.8
2025-07-18,142013.3421,561.26
2025-07-21,142257.3077,564.17
2025-07-22,141536.1603,561.25
2025-07-23,142165.2888,563.81
2025-07-24,142404.6686,565.01
2025-07-25,142437.2061,566.37
2025-07-28,142863.3426,568.14
2025-07-29,143034.3515,567.26
2025-07-30,143293.2932,568.02
2025-07-31,142122.2568,565.01
2025-08-01,141529.0774,553.88
2025-08-04,142345.6548,564.1
2025-08-05,142144.4238,560.27
2025-08-06,142185.0715,567.32
2025-08-07,142563.0277,569.24
2025-08-08,142810.8641,574.55
2025-08-11,143002.5709,572.85
2025-08-12,143302.3985,580.05
2025-08-13,143484.6523,580.34
2025-08-14,143609.9624,579.89
2025-08-15,142927.9464,577.34
2025-08-18,143351.1925,577.11
2025-08-19,142560.495,569.28
2025-08-20,142259.3543,565.9
2025-08-21,142180.3394,563.28
2025-08-22,142647.0068,571.97
2025-08-25,142872.1495,570.32
2025-08-26,143150.804,572.61
2025-08-27,143300.9107,573.49
2025-08-28,143538.8393,577.08
2025-08-29,142318.6487,570.4
2025-09-02,142311.1009,565.62
2025-09-03,143077.6055,570.07
2025-09-04,144234.8463,575.23
2025-09-05,144547.2891,576.06
2025-09-08,145661.5265,578.87
2025-09-09,146185.9636,580.51
2025-09-10,146743.3274,580.7
2025-09-11,147545.8218,584.08
2025-09-12,148351.1155,586.66
2025-09-15,150478.7121,591.68
2025-09-16,150663.8606,591.18
2025-09-17,150045.6807,590.0
2025-09-18,151958.8257,595.32
2025-09-19,152907.2172,599.35
2025-09-22,154502.3411,602.2
2025-09-23,153625.9009,598.2
2025-09-24,152875.307,596.1
2025-09-25,152491.5406,593.53
2025-09-26,152668.9276,595.97
2025-09-29,154184.2155,598.73
2025-09-30,155083.508,600.37
2025-10-01,156322.6998,603.25
2025-10-02,157502.8422,605.73
2025-10-03,156716.6347,603.18
2025-10-06,158180.0107,607.71
2025-10-07,156657.6318,604.51
2025-10-08,159160.0969,611.44
2025-10-09,158979.6039,610.7
2025-10-10,151221.8233,589.5
2025-10-13,154115.9725,602.01
2025-10-14,153286.7167,598.0
2025-10-15,154829.0641,602.22
2025-10-16,154951.402,599.99
2025-10-17,156088.4435,603.93
2025-10-20,157734.2454,611.54
2025-10-21,158004.4513,611.38
2025-10-22,155927.4126,605.49
2025-10-23,157823.9984,610.58
2025-10-24,159513.9374,617.1
2025-10-27,162199.3691,628.09
2025-10-28,164036.6151,632.92
2025-10-29,165408.3797,635.77
2025-10-30,162486.7365,626.05
2025-10-31,163522.3786,629.07
2025-11-03,164855.514,632.08
2025-11-04,160259.093,619.25
2025-11-05,161851.3166,623.28
2025-11-06,158257.7797,611.67
2025-11-07,157786.5698,609.74
2025-11-10,163159.724,623.23
2025-11-11,162325.823,621.57
2025-11-12,163126.5811,621.08
2025-11-13,158850.0728,608.4
2025-11-14,159249.6166,608.86
2025-11-17,158762.7345,603.66
2025-11-18,157948.9146,596.31
2025-11-19,158976.4495,599.87
2025-11-20,150529.5309,585.67
2025-11-21,154164.7976,590.07
2025-11-24,158257.8275,605.16
2025-11-25,159597.7599,608.89
2025-11-26,162974.5504,614.27
2025-11-28,164902.4599,619.25
2025-12-01,165323.6567,617.17
2025-12-02,167409.3172,622.0
2025-12-03,168130.7048,623.52
2025-12-04,167664.0038,622.94
2025-12-05,169021.1682,625.48
2025-12-08,170366.9075,624.28
2025-12-09,171289.535,625.05
2025-12-10,173210.1001,627.61
2025-12-11,172391.5602,625.58
2025-12-12,165354.2725,613.62
2025-12-15,165080.209,610.54
2025-12-16,166007.5831,611.75
2025-12-17,158740.636,600.41
2025-12-18,162152.0555,609.11
2025-12-19,165235.466,617.05
2025-12-22,166672.6031,619.21
2025-12-23,168520.6835,622.11
2025-12-24,169414.094,623.93
2025-12-26,169980.5987,623.89
2025-12-29,169508.3479,620.87
2025-12-30,168998.9613,619.43
2025-12-31,166809.8985,614.31
2026-01-02,167083.3669,613.12
2026-01-05,170159.0536,617.99
2026-01-06,172802.1338,623.42
2026-01-07,172744.669,624.02
2026-01-08,170705.5377,620.47
2026-01-09,174119.075,626.65
2026-01-12,175431.3388,627.17
2026-01-13,176092.6545,626.24
2026-01-14,173854.6347,619.55
2026-01-15,175113.6239,621.78
2026-01-16,175644.1354,621.26
2026-01-20,170681.0495,608.06
2026-01-21,174715.5034,616.28
2026-01-22,176171.4556,620.76
2026-01-23,176528.5044,622.72
2026-01-26,178382.3922,625.46
2026-01-27,181497.2466,631.13
2026-01-28,182879.6886,633.22
2026-01-29,183896.6797,629.43
2026-01-30,179185.3738,621.87
2026-02-02,181862.4243,626.14
2026-02-03,175950.9824,616.52
2026-02-04,169272.0146,605.75
2026-02-05,167952.1694,597.03
2026-02-06,173792.8159,609.65
2026-02-09,176169.2984,614.32
2026-02-10,175452.2958,611.47
2026-02-11,176619.5435,613.11
2026-02-12,171797.1465,600.64
2026-02-13,172523.4791,601.92
2026-02-17,172102.2617,601.3
2026-02-18,174654.092,605.79
2026-02-19,174215.8875,603.47
2026-02-20,176380.9474,608.81
2026-02-23,174872.9915,601.41
2026-02-24,177303.0107,607.87
2026-02-25,181901.087,616.68
2026-02-26,177187.3217,609.24
2026-02-27,176600.9604,607.29
2026-03-02,178863.0576,608.09
2026-03-03,176366.5619,601.58
2026-03-04,179197.7939,610.75
2026-03-05,180539.455,608.91
2026-03-06,176893.0755,599.75
2026-03-09,181054.811,607.76
2026-03-10,184108.0959,607.77
2026-03-11,183587.5116,607.69
2026-03-12,177498.2094,597.26
2026-03-13,176097.5089,593.72
2026-03-16,180302.2043,600.38
2026-03-17,181091.6949,603.31
2026-03-18,176543.6865,594.9
2026-03-19,178481.0562,593.02
2026-03-20,172033.524,582.06
2026-03-23,175319.6551,588.0
2026-03-24,174840.0139,583.98
2026-03-25,175768.3497,587.82
2026-03-26,169159.1543,573.79
2026-03-27,166819.4944,562.58
2026-03-30,163278.8957,558.28
2026-03-31,169392.0991,577.18
2026-04-01,175722.8049,584.31
2026-04-02,175614.7874,584.98
2026-04-06,178750.4334,588.5
2026-04-07,178674.5447,588.59
2026-04-08,186960.1642,606.09
2026-04-09,189152.1208,610.19
2026-04-10,190132.5355,611.07
2026-04-13,194602.6458,617.39
2026-04-14,200120.9568,628.6
2026-04-15,203868.4727,637.4
2026-04-16,206795.7816,640.47
2026-04-17,211153.3603,648.85
2026-04-20,210525.0704,646.79
2026-04-21,209814.3371,644.33
2026-04-22,215283.6795,655.11
2026-04-23,214285.8055,651.42
2026-04-24,220592.7829,663.88
2026-04-27,221732.6154,664.23
2026-04-28,218190.6383,657.55
2026-04-29,220854.1003,661.57
2026-04-30,224979.6081,667.74
2026-05-01,228248.0457,674.15
2026-05-04,227660.1259,672.88
2026-05-05,233089.6494,681.61
2026-05-06,243974.2033,695.77
2026-05-07,242465.5814,694.94
2026-05-08,254984.8044,711.23
2026-05-11,256986.5538,713.29
2026-05-12,252045.6179,707.24
2026-05-13,257884.6921,714.71
2026-05-14,261541.3856,719.79
2026-05-15,252453.7294,708.93
2026-05-18,249802.5281,705.88
2026-05-19,246354.6551,701.53
2026-05-20,256549.8219,713.15
2026-05-21,257818.4671,714.51
2026-05-22,260860.4559,717.54
2026-05-26,270782.1561,730.28
2026-05-27,269987.1785,729.45
2026-05-28,274430.8588,735.6
2026-05-29,276217.9693,738.31
2026-06-01,280225.29,742.74
2026-06-02,283258.776,746.16
2026-06-03,282323.8804,744.21
2026-06-04,279571.2523,740.61
2026-06-05,258528.5362,705.06
2026-06-08,262881.6751,716.07
2026-06-09,260000.8859,707.83
2026-06-10,255781.6695,693.69
2026-06-11,264882.2437,717.12
2026-06-12,266915.0956,721.34
2026-06-15,274354.0686,744.0
2026-06-16,267725.8713,729.86
2026-06-17,265506.1097,722.51
2026-06-18,273558.3427,740.62
2026-06-22,273588.5798,737.95
2026-06-23,262816.1375,713.65
2026-06-24,261546.5372,710.62
2026-06-25,264925.6246,716.38
2026-06-26,260019.0959,706.52
2026-06-29,269645.1782,724.08
2026-06-30,274844.9644,736.4
2026-07-01,269614.5243,725.17
2026-07-02,263674.5358,712.6
2026-07-06,268547.0824,722.82
2026-07-07,262823.2379,709.43
2026-07-08,264734.1313,711.44
2026-07-09,270064.9264,723.28
2026-07-10,271420.9401,725.51
2026-07-13,266059.835,711.74
2026-07-14,269608.2951,719.69
2026-07-15,268564.1731,717.74
2026-07-16,263312.5248,705.94
2026-07-17,258787.8591,695.33
2026-07-20,260157.7316,696.06
2026-07-21,266238.0847,708.97
2026-07-22,265900.6038,705.35
2026-07-23,261669.6905,691.96
2026-07-24,258407.6138,684.23
2026-07-27,257734.8681,682.12
2026-07-28,254469.4954,675.49
2026-07-29,246913.1469,661.73
2026-07-30,256073.2639,683.55
2026-07-31,257406.3659,687.99
2026-08-03,266376.0456,700.07
2026-08-04,285609.0644,723.85
2026-08-05,279835.8265,717.3
2026-08-06,277294.6884,714.65
2026-08-07,283475.3336,723.03
2026-08-10,282272.5818,720.87
2026-08-11,280612.538,718.45
2026-08-12,284220.3858,723.7
2026-08-13,290996.6325,732.07
2026-08-14,292668.6008,731.07
